iter,loss,val_loss,Time
1,0.5141026674509048,0.4621225070385706,20.822473287582397
2,0.4401305673122406,0.44799441524914335,14.336422681808472
3,0.42196020144224167,0.4377217997634222,14.707283973693848
4,0.4068075984120369,0.4395678024443369,14.948497295379639
5,0.39504709041118624,0.4307413451255314,15.316407918930054
