iter,loss,val_loss,Time
1,0.5088409765362739,0.4503096677954235,15.189442157745361
2,0.4393086186647415,0.44636158148447674,15.36357593536377
3,0.42082758074998855,0.43582690850136774,15.074794292449951
4,0.40663194870948793,0.4305372838936155,14.878587007522583
5,0.39638763791322706,0.42672359848779345,14.754312515258789
