iter,loss,val_loss,Time
1,0.8980617314179739,0.8472630330856811,240.25515031814575
2,0.8095727787017822,0.812543085914977,125.47355604171753
3,0.7829374089241028,0.8124213592803224,117.35676145553589
4,0.7638649134635925,0.795960748449285,115.16117024421692
5,0.7466798928578695,0.8011169490662027,115.51914262771606
