iter,loss,val_loss,Time
1,0.8626737421875199,0.8287305733362834,84.54978370666504
2,0.8205378315721948,0.8301295591592789,83.8488130569458
3,0.8078317693496744,0.8149557356238365,84.48707365989685
4,0.7985048894161979,0.8185091815988222,84.3265163898468
5,0.7884362197294831,0.8225240031282107,83.9425253868103
