iter,loss,val_loss,Time
1,0.8583241555790107,0.8218317270676295,85.34754776954651
2,0.8151415924131871,0.814607712328434,84.54230642318726
3,0.8006528480599324,0.8154520019094149,84.8284330368042
4,0.789650239487489,0.8104192553361257,84.54651284217834
5,0.7814850590278705,0.8147476102908452,85.05167651176453
